product_id,user_id,user_name,rating,review_date,review_title,review_text,,,,
282,575,Colton Snyder,1,21-11-2022,Hotel once degree during.,Of goal raise identify government. Million administration back.,,,,
173,740,Joshua Dunn,1,23-02-2023,Pull nothing just range.,Herself look as it avoid.,,,,
317,786,Darren Hines,3,20-08-2022,Finish perhaps why.,Claim suggest figure safe simple stock. Plant some style generation. Tax wear attorney floor.,,,,
915,284,Paul Salas@,2,04-06-2022,Claim trip miss attention red.,Firm beyond herself my stuff leave cultural music. Environmental realize particular list point anyone.,,,,
339,543,Kenneth Williams,2,04-01-2023,Attorney government accept wind.,Media member himself there item market sound read. Concern real simple happen. Ask economy that truth.,,,,
589,138,Zachary Smith,2,06-10-2022,Lay upon company table or bank.,Spring example wear music. When so wall window conference control. A model owner range tough service.,,,,
490,774,Brooke Mcgrath,1,05-12-2022,Yourself drop hospital.,Anyone character father scene. Democratic there in maybe street.,,,,
752,260,Daniel Hayne!,5,03-02-2023,Worker blood while rise end.,Eat over image middle side. Better fear cover team sense particularly question.,,,,
614,842,Lori Mills,1,27-12-2022,Have team artist front me.,Scene drop spend stay. And whether require choice final know three case.,,,,
636,473,Jordan Caldwell,5,10-03-2023,Woman leader seek choose.,Street place operation operation Republican. Arm him already rule a. Officer those know like themselves argue.,,,,
333,985,Ryan Martinez,4,29-12-2022,Material job arrive president.,Voice family very director response baby election goal. Particular sure together suddenly appear another. Huge through star song address especially full. Candidate employee region image can suggest.,,,,
996,751,Jeffrey Smith,1,04-10-2022,Pm trip win plan pay.,Although cause read require boy dinner whole. Both hour century. Trip fall happy responsibility news face friend.,,,,
881,420,Lauren-Hamilton,1,18-10-2022,Must image game.,Throughout put scientist among over understand continue ground. Should imagine check behavior newspaper recent person family. Arrive society police owner.,,,,
186,594,Robert Howard,1,10-06-2022,Today society truth.,Light establish kitchen responsibility more usually game. About medical group letter law. Source outside cultural board.,,,,
35,30,Dr. Shaun Garcia,2,01-09-2022,Majority note clear surface shake citizen.,Today everyone name whether one. Consumer many fight. Local despite tend nearly something tree total.,,,,
639,904,Jessica Brown,2,15-05-2023,High health whose identify.,Officer television consider type consider why. Suffer democratic reveal time religious. House chair order around short.,,,,
879,187,Amanda Reed,5,28-04-2023,Exist think response charge performance plant.,Us edge such camera real carry government. Democratic second our eat. Page total forward employee generation culture daughter.,,,,
99,68,Mary Benson,5,01-02-2023,Participant rich spring record.,Drive half turn consider. Fight black feeling beyond newspaper situation instead. Future be Democrat call cost.,,,,
946,151,Melanie Harrison,1,25-03-2023,Marriage reach discuss.,Catch quickly whatever possible wrong raise clear better. Down music staff stand.,,,,
273,858,Cheryl Abbott,5,29-04-2023,Significant somebody dog nearly analysis suggest.,Second build nearly wind produce. Performance federal represent. Report stop require by.,,,,
258,126,Adam Trevino,2,20-07-2022,Purpose help treat with lose ok.,Simply computer space main usually they. Trouble interview enter music role skill choose research.,,,,
764,690,Eric Day,5,30-12-2022,Authority attack certain.,Throughout you people attack culture. Ground within thus or.,,,,
99,43,Dustin Mueller,4,06-01-2023,Environmental spend surface focus.,Some claim indeed major market billion. Government western summer high office stop.,,,,
824,780,Erin Reyes,2,11-05-2023,Note somebody enjoy safe trade.,Century series black thus local.,,,,
687,681,James Arnold,4,30-12-2022,Sometimes become little.,Cause year or enjoy majority. Everybody guy sport key someone lose sport role. Manager her evening race visit decision note eight. Cold tree radio drive customer consider represent.,,,,
912,786,Stephanie Turner,5,21-11-2022,Hope glass certainly knowledge future line.,Story front space culture show near usually. Bar boy Democrat say speech total difficult nor. Team simply leg current economic. Identify medical music theory piece.,,,,
142,283,Rhonda Silva,3,25-10-2022,Experience worker now serious show often.,Usually race painting. Test out produce southern education. Thus worker reach scientist.,,,,
527,363,Lisa Ã³Lewis,1,10-03-2023,Democrat road follow Mr.,Just thus let write prove play east. Out offer approach of strategy executive.,,,,
327,336,Nancy Patrick,2,20-09-2022,Line bank stay heart.,Drive break purpose include. Forward just meeting senior serve impact benefit their.,,,,
686,800,Bryan Perez,4,28-10-2022,Office free arm hospital or check.,Red pattern trial once center myself. Main production dark next big change.,,,,
621,742,Randy Harris,3,06-01-2023,Professional town no blue.,Week view eight white happen above soldier. Part have cold not cell together compare. Service town personal fly.,,,,
333,252,Lisa Garcia,3,29-08-2022,Soldier current purpose he compare official.,Four woman citizen size. Final account free six world plant. Past stand western account source rock drop north. Wait growth audience loss.,,,,
4,150,Nathan Robbins,2,21-05-2023,Part cut high smile particular describe.,Party experience drop collection space list. Section full include. Spend will war expert.,,,,
923,16,Tina Ramos,2,15-02-2023,Beat every story feel day certain table.,Act loss level whom. Issue life TV successful court. Performance radio kitchen hard popular then authority.,,,,
551,652,Randy Brown,3,12-06-2022,Great month station over keep this.,Different see fish against wall Mrs small. Guess TV bit animal radio technology little issue. Daughter get list be pass half.,,,,
316,43,Andrea Martin,1,25-10-2022,Scientist simply add listen travel.,Never data gun expert account everyone. Civil class show language character involve.,,,,
317,566,Casey Jones,1,18-03-2023,Mind car read.,Place speak music once event light person night. Political citizen agreement beat business newspaper likely lose.,,,,
252,176,Tracy Jones,4,16-10-2022,Pm so day general.,Book knowledge religious Congress agree result next.,,,,
26,847,William Ortega,1,11-01-2023,Either trial young people.,Language care include letter write finally if southern. Operation protect financial style challenge.,,,,
532,955,Teresa Bowen,3,04-01-2023,See mission some PM technology specific.,Money place agency challenge enter your lawyer.,,,,
722,394,Ashley Mendez,3,07-01-2023,Begin line picture matter gun sell.,Be build serve stock.,,,,
413,482,Beverly Cummings,5,27-03-2023,Back first from decade.,Student discuss prevent adult follow morning entire. Outside president like final through. Foreign time end medical particularly none.,,,,
379,29,Robert Lloyd,3,29-04-2023,Somebody agent five nor final.,Huge ability father alone bank half. Brother without court sport deep note year.,,,,
474,469,Ruben Price,1,26-07-2022,Degree true step yourself.,Same wonder section read service. What year onto smile.,,,,
979,209,Terrence Scott,4,26-03-2023,Modern gas way.,Position season science speak join. Sort more drive stuff specific care address.,,,,
805,878,Lisa Savage,5,01-06-2022,Beyond local particularly practice off fact.,Amount thought turn. Shoulder contain way yeah image stay argue moment.,,,,
456,328,Jennifer Aguirre,1,05-11-2022,Ground tax view establish defense.,True single child particular sister. Green statement couple short something something. Risk option husband turn soldier be.,,,,
6,281,Ana Smith,4,16-11-2022,Challenge herself example former.,Term increase life begin parent design book. Past never deal ok their clear own quite. National occur structure someone system.,,,,
861,115,Preston Cochran,1,30-05-2022,Us miss employee foot.,Push station floor because clearly business activity. Reflect situation class thought. Society music work believe husband.,,,,
580,505,Nicole Scott,5,03-12-2022,Real food adult doctor.,Live live policy start fish. But reason side hard happy loss score.,,,,
646,926,Richard Short,3,12-04-2023,We dark lay happy.,Claim Republican very within no probably. Throughout option hear worry high leg environment.,,,,
881,266,Marie Davis,5,06-01-2023,Image cut bag man why worry.,Partner smile hold sell thank exist while. Matter election public.,,,,
392,487,Dr. Anne Park MD,3,26-09-2022,Catch man rate.,Full pattern suddenly market process than food reflect. In attention with happen dark give form. Than property door read million major would.,,,,
630,767,Nancy Rodriguez,5,08-03-2023,Hot course challenge movement.,Themselves notice whole nature foreign close enough. While behind argue cultural.,,,,
81,546,Christopher Horton,2,19-10-2022,Create war employee art.,Participant over these economic alone tonight want. In leave agree there young most so. Father benefit forward star pull policy.,,,,
4,279,Justin Stewart,1,23-01-2023,He spring these.,Could it task part fish leg. Nor everybody thing specific. Respond world mean left skin.,,,,
943,172,Paula Tucker,1,06-04-2023,Right process clear hotel traditional.,Free risk price suffer tough. Wear cultural buy town score report war. Door ready off law shake eat old.,,,,
326,599,Justin Hurst,2,19-12-2022,Whom alone thing pass mother.,Right government same drop lead any. Heart bill never collection popular.,,,,
593,812,Rachael Lopez,3,02-04-2023,Position red late to.,Instead dream specific result central possible. Attention dinner those world.,,,,
799,708,Juan Lewis,1,28-02-2023,In statement responsibility network.,Budget pressure speak. Month clearly my analysis camera who. Consumer least which.,,,,
612,346,Sarah Rivera,2,17-05-2023,Quickly mind shake.,Public staff federal magazine into close walk item. Improve group bit down film sit movement. Build look make measure. And customer he any animal.,,,,
514,576,Matthew Thompson,1,03-04-2023,Information tell order hold whom.,Pass century around full. Who whom create. Spend war indeed off these close.,,,,
29,750,Laura Davidson,4,24-10-2022,Fire student game late seven wish.,Major manage detail later election hundred public. Open blue us difference fall. See space political while.,,,,
918,621,Craig Weiss,3,06-06-2022,Level analysis despite wrong right.,Lose important pay important service scene project. Seek really leader.,,,,
905,466,Brian Perry,4,19-12-2022,Phone trial lot at item manage.,Truth star result including color. Notice gun approach on. If such leader improve collection always. Vote role maintain between activity.,,,,
423,21,Elizabeth Clark,3,05-06-2022,Loss best at face.,Wife really close leg sister fight nor. Their thousand generation rise full actually.,,,,
49,744,James Fry,2,20-01-2023,When family as rich begin town.,Hear foreign forward recognize significant Mr determine fire. Physical me next painting full. Within Mrs interesting upon. Nearly perhaps forward.,,,,
840,616,Peter Benton,3,28-08-2022,Water build officer son Mr.,Sometimes draw discussion value. Enter perform miss growth agree identify audience. Wide whole street catch take decade.,,,,
715,146,Matthew Pace,3,16-07-2022,None thus discover pay country media.,Long admit wall treat.,,,,
799,702,David Barron,2,10-10-2022,Camera current listen may different ask.,Tv entire add billion while. Position fly whole board figure than hand. Research might their not these.,,,,
393,757,Melissa Gilbert,3,31-01-2023,Scientist speech day hear where.,Bank manager it inside south every official. Wall feel wide actually skill.,,,,
917,386,Kimberly Russell,1,15-04-2023,Time successful begin here over.,Nearly entire vote current. East someone far let. Nation traditional according car.,,,,
992,461,Trevor Bennett,5,19-01-2023,Believe stock write stand deep.,Position relate exist give. Into military remember.,,,,
800,231,Hannah Clark,2,25-07-2022,Four note candidate him.,Need than adult treatment eight drug. Truth past general score soon word land. Glass democratic particularly but imagine attack.,,,,
219,633,Hailey Cruz,5,09-07-2022,Large kid hit behavior.,Rule wish improve role.,,,,
544,312,Michael Martinez,2,28-07-2022,Value over strong firm sell not.,Value ball measure stage include tree suffer apply. Test early shake score range company particular read.,,,,
773,955,Timothy Lewis,2,29-05-2022,Help his hold.,Security consumer order economic. Simple hope its know. Strong range base officer or build audience.,,,,
614,967,Hannah Donaldson,4,20-06-2022,Three side mind building notice free.,Laugh investment though keep nothing security carry. Continue away assume. Order walk yard about us operation main.,,,,
964,431,Suzanne Anderson,4,07-10-2022,Message campaign glass happen.,Listen set he husband even able. Sometimes assume evening economy everybody. Wait store near page statement.,,,,
277,324,Dr. David Smith,3,02-01-2023,Article baby product.,Democrat benefit land shoulder might story. Why bring you.,,,,
93,319,Sarah Vaughn,5,05-04-2023,Simple national fight.,Former because lawyer special. Loss general nice office build my. Current fund give direction.,,,,
603,271,Kathleen Miller,2,10-11-2022,Eight civil develop service industry.,Draw cut skill interesting rock television major. Service finally coach tend many.,,,,
840,780,Kimberly Clark,3,05-10-2022,Example democratic tree different let against.,Base player car word stop special. Language home Republican mother son.,,,,
661,325,James Woods,1,26-01-2023,Choose evening seat message always.,Doctor else trade thus. Put crime them carry home.,,,,
173,302,Brenda James,2,28-04-2023,Exactly lot painting.,Court common order note thought area. Science fight red professional nothing executive. Major face day join.,,,,
557,552,Joseph Mann,1,13-07-2022,Player particular appear walk.,Enter green than any likely newspaper. Decide a opportunity. Trouble may camera as evidence.,,,,
265,690,Janet Jackson,3,19-06-2022,During daughter itself student.,Create sport situation. Financial region office get growth. Speak north than general similar direction for.,,,,
216,211,Samuel Morrison,4,26-08-2022,Tax foot knowledge.,Surface itself ago learn actually. Cause begin act. Effect rise edge child environment face direction.,,,,
502,545,Kyle Lopez,3,01-08-2022,Leg per practice.,Fish two they action. Rise event either seem if people agency protect.,,,,
482,248,Nicholas Rogers,1,05-07-2022,House Republican follow authority writer computer.,Population black ahead in heavy practice inside. Movie news direction some. Condition occur too like.,,,,
284,536,James Mccoy,2,01-01-2023,Much professor account too road.,Place operation ok concern region wait. Avoid design some eat before including. Wide machine bring single.,,,,
787,376,Elizabeth Lynn,5,13-12-2022,Move capital staff.,Attack fall something cut skill marriage. Modern per yard open. Break add special sound across often forget.,,,,
789,418,David Deleon,3,08-06-2022,Meeting happen first painting require local.,Game red certain mind half. Apply station scene rate interest executive laugh. Recently several somebody difficult plant consider door.,,,,
430,51,Eric Anderson,2,09-07-2022,Blue end require investment.,Instead public while listen skin. Family their government eight. Our audience claim stock majority foot.,,,,
988,944,Carlos Reyes,4,03-01-2023,Phone stay husband throughout.,Town sure describe. Right bar fill crime notice field so write. Report shoulder song. Local join travel lawyer morning much scientist.,,,,
558,335,John Arroyo,4,13-04-2023,Purpose although here dog imagine start.,Start write later education nation. Pay clear pull spring set glass bit.,,,,
375,114,Christine Salinas,4,02-10-2022,To third lay production.,Figure century but drop tonight evening make. Be doctor through line. Base our popular law present name.,,,,
407,277,Brett Garcia,2,25-11-2022,Interesting yard a sense.,Wide red indicate third image someone. Speak start southern exactly charge why officer garden.,,,,
814,933,Brandy Chapman,3,25-08-2022,More about tax team.,Offer visit possible green. Such politics let space include threat red most. Military low pass trade left receive shake.,,,,
576,501,Anna Ferguson,2,09-05-2023,Wonder institution listen.,Report director condition relationship various defense who. Role finally popular even maybe lose. Mission research audience city remain.,,,,
282,575,Colton Snyder,1,21-11-2022,Hotel once degree during.,Of goal raise identify government. Million administration back.,,,,
546,121,Harvey%specter,7,21-03-2021,Blue e&nd require investment.,Fish two they action. Rise even$t either seem if people agency protect.,,,,
689,197,Donald*trump,1,06-06-2022,More abo#ut tax team.,Wide red indicate thi@rd image someone. Speak start southern exactly charge why officer garden.,,,,
265,389,James@bond,6,12-12-2022,Purpose altho@ugh here dog imagine start.,Enter green than any likely newspaper. Dec@ide a opportunity. Trouble may camera as evidence.,,,,
231,602,chandler&bing,6,01-05-2023,Choos&e evening seat message always.,Town sure describe. Right bar fill c&rime notice field so write. Report shoulder song. Local join travel lawyer morning much scientist.,ABC,CD,DFE,EDF
232,,,,,,,,,,
235,,,,,,,,,,
100,232,jk20,,,,,,,,
